"","num_age","fac_stage","fac_instit","fac_histol"
"num_age",1,0.267718498829448,-0.00435797301812954,0.0186831071504907
"fac_stage",0.267718498829448,1,0.142342806129006,0.0851587255173075
"fac_instit",-0.00435797301812954,0.142342806129006,1,0.715412153519995
"fac_histol",0.0186831071504907,0.0851587255173075,0.715412153519995,1
